login,name,company,location,email,hireable,bio,public_repos,followers,following,created_at
vczh,,,,,,,0,0,0,
bradfitz,,,,,,,0,0,0,
munificent,,,,,,,0,0,0,
tenderlove,,,,,,,0,0,0,
ahmetb,,,,,,,0,0,0,
koush,,,,,,,0,0,0,
jtleek,,,,,,,0,0,0,
awslabs,,,,,,,0,0,0,
TheLarkInn,,,,,,,0,0,0,
zpao,,,,,,,0,0,0,
anvaka,,,,,,,0,0,0,
mission-peace,,,,,,,0,0,0,
karan,,,,,,,0,0,0,
eugeneyan,,,,,,,0,0,0,
garybernhardt,,,,,,,0,0,0,
ottomated,,,,,,,0,0,0,
argyleink,,,,,,,0,0,0,
HarmJ0y,,,,,,,0,0,0,
nolanlawson,,,,,,,0,0,0,
brendandburns,,,,,,,0,0,0,
schollz,,,,,,,0,0,0,
cmuratori,,,,,,,0,0,0,
aidenybai,,,,,,,0,0,0,
colinhacks,,,,,,,0,0,0,
juliemr,,,,,,,0,0,0,
hyperb1iss,,,,,,,0,0,0,
DanielRosenwasser,,,,,,,0,0,0,
nex3,,,,,,,0,0,0,
RyanCavanaugh,,,,,,,0,0,0,
kevmoo,,,,,,,0,0,0,
KillianLucas,,,,,,,0,0,0,
awsdocs,,,,,,,0,0,0,
allenai,,,,,,,0,0,0,
praeclarum,,,,,,,0,0,0,
xingyizhou,,,,,,,0,0,0,
ashleymcnamara,,,,,,,0,0,0,
ericniebler,,,,,,,0,0,0,
cwilso,,,,,,,0,0,0,
lukehoban,,,,,,,0,0,0,
googlecolab,,,,,,,0,0,0,
palkan,,,,,,,0,0,0,
legomushroom,,,,,,,0,0,0,
slundberg,,,,,,,0,0,0,
richlander,,,,,,,0,0,0,
ImgBotApp,,,,,,,0,0,0,
keith,,,,,,,0,0,0,
topfunky,,,,,,,0,0,0,
deltakosh,,,,,,,0,0,0,
teamdandelion,,,,,,,0,0,0,
auth0,,,,,,,0,0,0,
alloy,,,,,,,0,0,0,
veler,,,,,,,0,0,0,
piiswrong,,,,,,,0,0,0,
natemcmaster,,,,,,,0,0,0,
jbeda,,,,,,,0,0,0,
yasoob,,,,,,,0,0,0,
ongardie,,,,,,,0,0,0,
TimDettmers,,,,,,,0,0,0,
juanpflores,,,,,,,0,0,0,
borismus,,,,,,,0,0,0,
armankhondker,,,,,,,0,0,0,
basnijholt,,,,,,,0,0,0,
keesun,,,,,,,0,0,0,
ryanoasis,,,,,,,0,0,0,
rebornix,,,,,,,0,0,0,
jeffmo,,,,,,,0,0,0,
elfmaster,,,,,,,0,0,0,
jonrohan,,,,,,,0,0,0,
bashmohandes,,,,,,,0,0,0,
antiagainst,,,,,,,0,0,0,
broady,,,,,,,0,0,0,
sandersn,,,,,,,0,0,0,
lostintangent,,,,,,,0,0,0,
fengli,,,,,,,0,0,0,
derv82,,,,,,,0,0,0,
jelbourn,,,,,,,0,0,0,
jheer,,,,,,,0,0,0,
TimothyGu,,,,,,,0,0,0,
redblobgames,,,,,,,0,0,0,
seankross,,,,,,,0,0,0,
altercation,,,,,,,0,0,0,
whiteship,,,,,,,0,0,0,
mkheck,,,,,,,0,0,0,
lpereira,,,,,,,0,0,0,
filmgirl,,,,,,,0,0,0,
nmwsharp,,,,,,,0,0,0,
kendrahavens,,,,,,,0,0,0,
msurguy,,,,,,,0,0,0,
benvanik,,,,,,,0,0,0,
Pessimistress,,,,,,,0,0,0,
QuantConnect,,,,,,,0,0,0,
clareliguori,,,,,,,0,0,0,
tpn,,,,,,,0,0,0,
zz85,,,,,,,0,0,0,
ingydotnet,,,,,,,0,0,0,
jorgevgut,,,,,,,0,0,0,
djhohnstein,,,,,,,0,0,0,
travisg,,,,,,,0,0,0,
wiibrew,,,,,,,0,0,0,
cpuguy83,,,,,,,0,0,0,
jacob-ebey,,,,,,,0,0,0,
chriskiehl,,,,,,,0,0,0,
zenspider,,,,,,,0,0,0,
timothycrosley,,,,,,,0,0,0,
sergeyk,,,,,,,0,0,0,
jeremycole,,,,,,,0,0,0,
lzl124631x,,,,,,,0,0,0,
bearpaw,,,,,,,0,0,0,
PWhiddy,,,,,,,0,0,0,
rynowak,,,,,,,0,0,0,
tableau,,,,,,,0,0,0,
iliana,,,,,,,0,0,0,
parthnagarkar875,,,,,,,0,0,0,
blueberrymusic,,,,,,,0,0,0,
iagox86,,,,,,,0,0,0,
snakajima,,,,,,,0,0,0,
CamiWilliams,,,,,,,0,0,0,
cowtowncoder,,,,,,,0,0,0,
shmsw25,,,,,,,0,0,0,
StudioWildcard1,,,,,,,0,0,0,
anneomcl,,,,,,,0,0,0,
aarongustafson,,,,,,,0,0,0,
JustinBeckwith,,,,,,,0,0,0,
sayedihashimi,,,,,,,0,0,0,
josephsavona,,,,,,,0,0,0,
leechristensen,,,,,,,0,0,0,
mhagiwara,,,,,,,0,0,0,
ljvmiranda921,,,,,,,0,0,0,
NickCH-K,,,,,,,0,0,0,
benmarwick,,,,,,,0,0,0,
davidshariff,,,,,,,0,0,0,
yuchenlin,,,,,,,0,0,0,
RhinoSecurityLabs,,,,,,,0,0,0,
AkariAsai,,,,,,,0,0,0,
valueof,,,,,,,0,0,0,
jeffwilcox,,,,,,,0,0,0,
joeduffy,,,,,,,0,0,0,
olivierlacan,,,,,,,0,0,0,
garann,,,,,,,0,0,0,
gbowne1,,,,,,,0,0,0,
abcdabcd987,,,,,,,0,0,0,
yzh119,,,,,,,0,0,0,
sjvasquez,,,,,,,0,0,0,
stevestreza,,,,,,,0,0,0,
haberman,,,,,,,0,0,0,
jdavis,,,,,,,0,0,0,
spro,,,,,,,0,0,0,
jbevain,,,,,,,0,0,0,
frantic,,,,,,,0,0,0,
transcranial,,,,,,,0,0,0,
jakobzhao,,,,,,,0,0,0,
MariaSolOs,,,,,,,0,0,0,
hugozhu,,,,,,,0,0,0,
ArthurHub,,,,,,,0,0,0,
jacobdevlin-google,,,,,,,0,0,0,
drbrain,,,,,,,0,0,0,
VincentGranville,,,,,,,0,0,0,
mbrubeck,,,,,,,0,0,0,
leodemoura,,,,,,,0,0,0,
andyleejordan,,,,,,,0,0,0,
crutkas,,,,,,,0,0,0,
samuelkarp,,,,,,,0,0,0,
heckj,,,,,,,0,0,0,
bryphe,,,,,,,0,0,0,
PeterL1n,,,,,,,0,0,0,
tunz,,,,,,,0,0,0,
amdegroot,,,,,,,0,0,0,
domaindrivendev,,,,,,,0,0,0,
vlandham,,,,,,,0,0,0,
trvrb,,,,,,,0,0,0,
pcgeek86,,,,,,,0,0,0,
jayshah19949596,,,,,,,0,0,0,
juberti,,,,,,,0,0,0,
beaucollins,,,,,,,0,0,0,
d4l3k,,,,,,,0,0,0,
sayar,,,,,,,0,0,0,
jhamman,,,,,,,0,0,0,
dvdzkwsk,,,,,,,0,0,0,
qingsongedu,,,,,,,0,0,0,
goshacmd,,,,,,,0,0,0,
roblourens,,,,,,,0,0,0,
instafluff,,,,,,,0,0,0,
oconnor663,,,,,,,0,0,0,
Konloch,,,,,,,0,0,0,
FormidableLabs,,,,,,,0,0,0,
kaniini,,,,,,,0,0,0,
saulpw,,,,,,,0,0,0,
jeaye,,,,,,,0,0,0,
BboyAkers,,,,,,,0,0,0,
ararslan,,,,,,,0,0,0,
dmarx,,,,,,,0,0,0,
reset,,,,,,,0,0,0,
jmdobry,,,,,,,0,0,0,
CaitieM20,,,,,,,0,0,0,
azonenberg,,,,,,,0,0,0,
Ameobea,,,,,,,0,0,0,
analogrelay,,,,,,,0,0,0,
lenadroid,,,,,,,0,0,0,
daerduoCarey,,,,,,,0,0,0,
zombieCraig,,,,,,,0,0,0,
beccasaurus,,,,,,,0,0,0,
mgmeyers,,,,,,,0,0,0,
TheSarang,,,,,,,0,0,0,
kanitw,,,,,,,0,0,0,
BSVino,,,,,,,0,0,0,
mandliya,,,,,,,0,0,0,
scottgu,,,,,,,0,0,0,
miguelsolorio,,,,,,,0,0,0,
li-xin-yi,,,,,,,0,0,0,
adrianhall,,,,,,,0,0,0,
jmcphers,,,,,,,0,0,0,
danielgtaylor,,,,,,,0,0,0,
kieferrm,,,,,,,0,0,0,
kg,,,,,,,0,0,0,
trivikr,,,,,,,0,0,0,
javierluraschi,,,,,,,0,0,0,
izhangzhihao,,,,,,,0,0,0,
nickbytes,,,,,,,0,0,0,
KevinMarquette,,,,,,,0,0,0,
chen0040,,,,,,,0,0,0,
CodeMaxx,,,,,,,0,0,0,
jspruance,,,,,,,0,0,0,
iandunn,,,,,,,0,0,0,
evocateur,,,,,,,0,0,0,
StartAutomating,,,,,,,0,0,0,
RandalLinden,,,,,,,0,0,0,
ZihengJiang,,,,,,,0,0,0,
bootstrap4cc,,,,,,,0,0,0,
SecondThread,,,,,,,0,0,0,
nlpxucan,,,,,,,0,0,0,
xinw1012,,,,,,,0,0,0,
vikhyat,,,,,,,0,0,0,
Plagman,,,,,,,0,0,0,
acheamponge,,,,,,,0,0,0,
codemillmatt,,,,,,,0,0,0,
weswigham,,,,,,,0,0,0,
lakshmanok,,,,,,,0,0,0,
sudheesh001,,,,,,,0,0,0,
WaltRitscher,,,,,,,0,0,0,
viirya,,,,,,,0,0,0,
PetrochukM,,,,,,,0,0,0,
prabhakar267,,,,,,,0,0,0,
ryanmcgrath,,,,,,,0,0,0,
anarchivist,,,,,,,0,0,0,
jslee02,,,,,,,0,0,0,
nfmcclure,,,,,,,0,0,0,
arokem,,,,,,,0,0,0,
CodingCat,,,,,,,0,0,0,
cronokirby,,,,,,,0,0,0,
jayleicn,,,,,,,0,0,0,
tannewt,,,,,,,0,0,0,
evandbrown,,,,,,,0,0,0,
normj,,,,,,,0,0,0,
joemarini,,,,,,,0,0,0,
alvinwan,,,,,,,0,0,0,
melanierichards,,,,,,,0,0,0,
staticfloat,,,,,,,0,0,0,
sacmehta,,,,,,,0,0,0,
brandonbloom,,,,,,,0,0,0,
ipinfo,,,,,,,0,0,0,
cnishina,,,,,,,0,0,0,
guozhangwang,,,,,,,0,0,0,
jiasenlu,,,,,,,0,0,0,
pjbull,,,,,,,0,0,0,
rachmari,,,,,,,0,0,0,
LGUG2Z,,,,,,,0,0,0,
cryptexcode,,,,,,,0,0,0,
jroesch,,,,,,,0,0,0,
jef,,,,,,,0,0,0,
davidmccabe,,,,,,,0,0,0,
myronmarston,,,,,,,0,0,0,
zzmp,,,,,,,0,0,0,
tvillarete,,,,,,,0,0,0,
scottyhq,,,,,,,0,0,0,
Jeffwan,,,,,,,0,0,0,
jonringer,,,,,,,0,0,0,
fangchangma,,,,,,,0,0,0,
yizhongw,,,,,,,0,0,0,
jpmedley,,,,,,,0,0,0,
xrochoa,,,,,,,0,0,0,
jeffpar,,,,,,,0,0,0,
bsipocz,,,,,,,0,0,0,
kevinlin311tw,,,,,,,0,0,0,
sytelus,,,,,,,0,0,0,
homebysix,,,,,,,0,0,0,
dcjones,,,,,,,0,0,0,
maniacbug,,,,,,,0,0,0,
nlsandler,,,,,,,0,0,0,
abby-fuller,,,,,,,0,0,0,
pbeshai,,,,,,,0,0,0,
yongxuUSTC,,,,,,,0,0,0,
svermeulen,,,,,,,0,0,0,
marktoda,,,,,,,0,0,0,
bcongdon,,,,,,,0,0,0,
Pilchie,,,,,,,0,0,0,
AllenInstitute,,,,,,,0,0,0,
ettaboyle,,,,,,,0,0,0,
jgranick,,,,,,,0,0,0,
morganherlocker,,,,,,,0,0,0,
GeeLaw,,,,,,,0,0,0,
autonomousapps,,,,,,,0,0,0,
eigensteve,,,,,,,0,0,0,
nikhilk,,,,,,,0,0,0,
evancohen,,,,,,,0,0,0,
jonatan-ivanov,,,,,,,0,0,0,
mattxwang,,,,,,,0,0,0,
embeddinglayer,,,,,,,0,0,0,
hexiang-hu,,,,,,,0,0,0,
Philip-Scott,,,,,,,0,0,0,
margaretmz,,,,,,,0,0,0,
IanMitchell,,,,,,,0,0,0,
lessw2020,,,,,,,0,0,0,
carlasouza,,,,,,,0,0,0,
TiesdeKok,,,,,,,0,0,0,
Spiderpig86,,,,,,,0,0,0,
IlIllII,,,,,,,0,0,0,
jongio,,,,,,,0,0,0,
meganrogge,,,,,,,0,0,0,
saadq,,,,,,,0,0,0,
clarketm,,,,,,,0,0,0,
ryan-roemer,,,,,,,0,0,0,
hhoppe,,,,,,,0,0,0,
loic-sharma,,,,,,,0,0,0,
eliheuer,,,,,,,0,0,0,
JohnPhamous,,,,,,,0,0,0,
varunchitre15,,,,,,,0,0,0,
uwdata,,,,,,,0,0,0,
willkurt,,,,,,,0,0,0,
FasterXML,,,,,,,0,0,0,
joshtynjala,,,,,,,0,0,0,
ivanoats,,,,,,,0,0,0,
tomjoht,,,,,,,0,0,0,
darko-mesaros,,,,,,,0,0,0,
garrettmoon,,,,,,,0,0,0,
oracle-quickstart,,,,,,,0,0,0,
ditman,,,,,,,0,0,0,
wting,,,,,,,0,0,0,
rohithasrk,,,,,,,0,0,0,
ussjoin,,,,,,,0,0,0,
awood45,,,,,,,0,0,0,
kzys,,,,,,,0,0,0,
nellshamrell,,,,,,,0,0,0,
armanbilge,,,,,,,0,0,0,
jnolis,,,,,,,0,0,0,
kevinslin,,,,,,,0,0,0,
eagereyes,,,,,,,0,0,0,
ericlippert,,,,,,,0,0,0,
emina,,,,,,,0,0,0,
metasoarous,,,,,,,0,0,0,
micahhausler,,,,,,,0,0,0,
JamieMagee,,,,,,,0,0,0,
mleibman,,,,,,,0,0,0,
lvivski,,,,,,,0,0,0,
spiffxp,,,,,,,0,0,0,
NTaylorMullen,,,,,,,0,0,0,
chhayac,,,,,,,0,0,0,
cgranade,,,,,,,0,0,0,
rastenis,,,,,,,0,0,0,
maggiepint,,,,,,,0,0,0,
iyzhang,,,,,,,0,0,0,
hausdorff,,,,,,,0,0,0,
scottnonnenberg-signal,,,,,,,0,0,0,
colinrtwhite,,,,,,,0,0,0,
divega,,,,,,,0,0,0,
joshspicer,,,,,,,0,0,0,
shangzhenyang,,,,,,,0,0,0,
moznion,,,,,,,0,0,0,
Gbps,,,,,,,0,0,0,
briandorsey,,,,,,,0,0,0,
stephjs,,,,,,,0,0,0,
dhalperi,,,,,,,0,0,0,
brookr,,,,,,,0,0,0,
alexlande,,,,,,,0,0,0,
jeffra,,,,,,,0,0,0,
dshean,,,,,,,0,0,0,
kirkshoop,,,,,,,0,0,0,
jcrocholl,,,,,,,0,0,0,
aaronbrethorst,,,,,,,0,0,0,
jiayuasu,,,,,,,0,0,0,
robmikh,,,,,,,0,0,0,
chrismaddalena,,,,,,,0,0,0,
aws-robotics,,,,,,,0,0,0,
JustinXinLiu,,,,,,,0,0,0,
ckkelvinchan,,,,,,,0,0,0,
vinx13,,,,,,,0,0,0,
Barnacules,,,,,,,0,0,0,
natebosch,,,,,,,0,0,0,
logancyang,,,,,,,0,0,0,
crazy4pi314,,,,,,,0,0,0,
temilaj,,,,,,,0,0,0,
adw96,,,,,,,0,0,0,
Nickersoft,,,,,,,0,0,0,
cscherrer,,,,,,,0,0,0,
MichaelDrogalis,,,,,,,0,0,0,
alexngn,,,,,,,0,0,0,
mtyka,,,,,,,0,0,0,
JasonQSY,,,,,,,0,0,0,
rjleveque,,,,,,,0,0,0,
coderholic,,,,,,,0,0,0,
mapsam,,,,,,,0,0,0,
tgaddair,,,,,,,0,0,0,
jaxxstorm,,,,,,,0,0,0,
aria42,,,,,,,0,0,0,
edemkumodzi,,,,,,,0,0,0,
bitwiseman,,,,,,,0,0,0,
compdemocracy,,,,,,,0,0,0,
Jack-Anstey,,,,,,,0,0,0,
laylalaisy,,,,,,,0,0,0,
caelan,,,,,,,0,0,0,
jason718,,,,,,,0,0,0,
A-And,,,,,,,0,0,0,
leondz,,,,,,,0,0,0,
dennyglee,,,,,,,0,0,0,
fredhohman,,,,,,,0,0,0,
brianm,,,,,,,0,0,0,
tiffanyfay,,,,,,,0,0,0,
vgel,,,,,,,0,0,0,
eric,,,,,,,0,0,0,
seanmiddleditch,,,,,,,0,0,0,
NotWoods,,,,,,,0,0,0,
calebrob6,,,,,,,0,0,0,
agocke,,,,,,,0,0,0,
xuhdev,,,,,,,0,0,0,
ProQuestionAsker,,,,,,,0,0,0,
f5devcentral,,,,,,,0,0,0,
anakryiko,,,,,,,0,0,0,
ashblue,,,,,,,0,0,0,
jpeddicord,,,,,,,0,0,0,
F5Networks,,,,,,,0,0,0,
mothran,,,,,,,0,0,0,
azenla,,,,,,,0,0,0,
shirhatti,,,,,,,0,0,0,
andreiz,,,,,,,0,0,0,
sbaer,,,,,,,0,0,0,
JasonKessler,,,,,,,0,0,0,
stympy,,,,,,,0,0,0,
AmieDD,,,,,,,0,0,0,
rlabrecque,,,,,,,0,0,0,
jefflembeck,,,,,,,0,0,0,
ehashman,,,,,,,0,0,0,
krisselden,,,,,,,0,0,0,
arsentieva,,,,,,,0,0,0,
dshafik,,,,,,,0,0,0,
erjohnso,,,,,,,0,0,0,
davepeck,,,,,,,0,0,0,
grantr,,,,,,,0,0,0,
elalish,,,,,,,0,0,0,
Plazmaz,,,,,,,0,0,0,
chipturner,,,,,,,0,0,0,
codefellows,,,,,,,0,0,0,
hollenberry,,,,,,,0,0,0,
colmmacc,,,,,,,0,0,0,
ItalyPaleAle,,,,,,,0,0,0,
melaniewalsh,,,,,,,0,0,0,
xiw,,,,,,,0,0,0,
fabiorocha,,,,,,,0,0,0,
xieliaing,,,,,,,0,0,0,
bharatsingh430,,,,,,,0,0,0,
kimdhamilton,,,,,,,0,0,0,
DinoChiesa,,,,,,,0,0,0,
DeNeutoy,,,,,,,0,0,0,
pelikhan,,,,,,,0,0,0,
abgoswam,,,,,,,0,0,0,
rob0rt,,,,,,,0,0,0,
bhollis,,,,,,,0,0,0,
jmesserly,,,,,,,0,0,0,
joshfree,,,,,,,0,0,0,
fancymax,,,,,,,0,0,0,
scottnonnenberg,,,,,,,0,0,0,
geoffrich,,,,,,,0,0,0,
romanbb,,,,,,,0,0,0,
alex-mohr,,,,,,,0,0,0,
drub0y,,,,,,,0,0,0,
cidrblock,,,,,,,0,0,0,
williaster,,,,,,,0,0,0,
plamoni,,,,,,,0,0,0,
tnachen,,,,,,,0,0,0,
thagomizer,,,,,,,0,0,0,
c5inco,,,,,,,0,0,0,
leggett,,,,,,,0,0,0,
andrewiggins,,,,,,,0,0,0,
mousetraps,,,,,,,0,0,0,
runrunbear,,,,,,,0,0,0,
benhillis,,,,,,,0,0,0,
nquinlan,,,,,,,0,0,0,
74hc595,,,,,,,0,0,0,
stellaraccident,,,,,,,0,0,0,
liquidmetal,,,,,,,0,0,0,
JonathanRaiman,,,,,,,0,0,0,
japacible,,,,,,,0,0,0,
dstnbrkr,,,,,,,0,0,0,
skinny85,,,,,,,0,0,0,
ionvision,,,,,,,0,0,0,
iambmelt,,,,,,,0,0,0,
khenidak,,,,,,,0,0,0,
LeeHolmes,,,,,,,0,0,0,
adamthom,,,,,,,0,0,0,
justinweiss,,,,,,,0,0,0,
fulghum,,,,,,,0,0,0,
dzharii,,,,,,,0,0,0,
xiongchenyan,,,,,,,0,0,0,
samruddhikhandale,,,,,,,0,0,0,
AndrewSouthpaw,,,,,,,0,0,0,
brandonjbjelland,,,,,,,0,0,0,
huntergdavis,,,,,,,0,0,0,
dougz,,,,,,,0,0,0,
blackfalcon,,,,,,,0,0,0,
rschwabco,,,,,,,0,0,0,
znation,,,,,,,0,0,0,
cgillum,,,,,,,0,0,0,
EntilZha,,,,,,,0,0,0,
sofiadparamo,,,,,,,0,0,0,
jperl,,,,,,,0,0,0,
PlayFab,,,,,,,0,0,0,
arxanas,,,,,,,0,0,0,
mbucchia,,,,,,,0,0,0,
ylegall,,,,,,,0,0,0,
maxkatz6,,,,,,,0,0,0,
haotian-wang,,,,,,,0,0,0,
